TransactionID,email_domain,IpAddress,PhoneNo,DeviceID
1,hotmail.com,246.191.145.201,593-800-9182,Device2129
2,outlook.com,161.245.212.205,819-213-5117,Device2605
3,gmail.com,220.240.157.141,448-825-5778,Device3933
4,hotmail.com,46.35.253.134,934-665-3953,Device9516
5,hotmail.com,82.115.197.47,909-419-1276,Device6074
6,outlook.com,153.194.10.56,303-293-4735,Device8099
7,gmail.com,30.242.251.109,646-795-5152,Device2490
8,gmail.com,5.119.248.33,833-402-8537,Device1893
9,hotmail.com,118.65.146.224,363-893-5208,Device2390
10,yahoo.com,239.177.11.85,587-426-9733,Device4389
11,hotmail.com,26.63.217.86,746-678-2088,Device5239
12,hotmail.com,59.27.177.205,391-124-7144,Device5479
13,hotmail.com,161.98.105.99,648-240-9068,Device3263
14,hotmail.com,129.149.240.55,287-227-9392,Device4432
15,outlook.com,6.220.209.197,226-356-4747,Device3371
16,gmail.com,95.133.102.3,646-293-4175,Device5312
17,outlook.com,181.23.229.53,634-364-5897,Device2515
18,outlook.com,165.202.202.83,483-359-9605,Device7326
19,outlook.com,145.85.78.201,457-174-4426,Device8088
20,hotmail.com,110.1.51.173,683-870-1187,Device6586
21,yahoo.com,205.4.190.193,784-389-3092,Device3917
22,gmail.com,113.232.32.34,672-182-6242,Device6731
23,yahoo.com,92.95.72.39,457-627-6185,Device8686
24,outlook.com,154.250.162.182,756-474-8913,Device2167
25,outlook.com,118.3.123.50,479-755-8355,Device9302
26,yahoo.com,12.193.54.236,421-549-2497,Device6109
27,yahoo.com,133.222.222.251,112-283-3555,Device5327
28,yahoo.com,57.145.112.47,389-394-3951,Device6810
29,outlook.com,151.207.229.85,314-731-4965,Device4655
30,outlook.com,142.66.75.179,666-126-4701,Device4793
31,gmail.com,103.166.192.252,832-330-2588,Device7738
32,gmail.com,226.38.50.98,906-420-6789,Device2577
33,outlook.com,82.30.79.91,536-880-2556,Device3220
34,yahoo.com,179.191.226.52,502-152-8480,Device2030
35,yahoo.com,249.166.225.216,380-825-1182,Device7691
36,gmail.com,79.252.30.247,122-643-6565,Device4992
37,outlook.com,106.51.81.133,173-109-8651,Device1913
38,gmail.com,29.132.138.184,555-665-9851,Device7358
39,gmail.com,145.74.17.252,259-981-7555,Device3181
40,hotmail.com,84.216.69.34,977-152-7846,Device4197
41,hotmail.com,6.53.194.205,359-304-8226,Device7040
42,hotmail.com,126.235.43.240,570-875-6585,Device2462
43,yahoo.com,203.115.111.249,111-730-7046,Device8037
44,outlook.com,151.183.80.95,389-949-8927,Device5994
45,outlook.com,203.118.144.8,453-738-8016,Device6308
46,outlook.com,132.104.132.184,815-660-8758,Device7221
47,outlook.com,25.195.96.195,540-340-8161,Device8090
48,hotmail.com,155.93.160.178,960-253-2809,Device8769
49,yahoo.com,61.122.51.147,195-825-7352,Device1687
50,yahoo.com,21.5.210.92,442-187-7056,Device5661
51,hotmail.com,170.61.22.149,489-424-6951,Device2894
52,yahoo.com,70.1.133.233,256-767-8818,Device8389
53,hotmail.com,12.90.46.34,732-676-6738,Device5922
54,outlook.com,177.78.218.45,758-236-6793,Device7322
55,hotmail.com,155.73.26.249,527-551-3224,Device4183
56,outlook.com,47.121.214.239,297-723-7091,Device4797
57,outlook.com,56.94.107.63,790-520-9662,Device6178
58,gmail.com,48.61.81.26,317-927-8094,Device4968
59,hotmail.com,36.1.8.113,274-122-4796,Device3716
60,gmail.com,99.253.180.207,334-112-4607,Device1190
61,hotmail.com,47.127.56.214,975-622-6904,Device2335
62,hotmail.com,14.218.28.215,551-530-5888,Device9181
63,gmail.com,78.216.130.109,705-812-8122,Device1378
64,gmail.com,154.14.187.56,822-751-2316,Device4829
65,hotmail.com,115.7.3.111,909-200-6621,Device7380
66,yahoo.com,151.238.107.239,403-970-3587,Device1615
67,outlook.com,252.237.18.250,652-454-4374,Device3330
68,gmail.com,38.227.115.15,595-757-8935,Device2754
69,outlook.com,192.217.119.229,326-335-5968,Device1463
70,yahoo.com,28.202.39.185,991-554-5072,Device5267
71,yahoo.com,17.231.86.218,112-309-9588,Device4158
72,yahoo.com,126.44.25.145,199-130-5424,Device4624
73,gmail.com,13.212.25.68,265-558-4893,Device5938
74,yahoo.com,138.67.233.109,199-720-2772,Device6417
75,gmail.com,146.111.228.111,261-827-9967,Device7004
76,yahoo.com,214.34.111.8,362-903-8170,Device9881
77,outlook.com,168.113.236.83,127-425-4220,Device6603
78,outlook.com,42.169.101.6,639-587-2461,Device3212
79,hotmail.com,180.26.64.226,164-455-1234,Device7120
80,outlook.com,187.184.59.109,326-624-8480,Device6818
81,hotmail.com,198.229.121.33,148-217-2673,Device1382
82,outlook.com,181.150.21.198,664-143-8982,Device3256
83,gmail.com,70.247.112.4,152-685-4748,Device2412
84,outlook.com,94.75.190.62,201-891-4841,Device7146
85,hotmail.com,94.95.152.55,948-967-5493,Device1371
86,hotmail.com,137.247.131.243,237-774-9088,Device6806
87,yahoo.com,31.40.229.36,486-210-3661,Device6565
88,gmail.com,152.223.6.66,116-879-4253,Device9802
89,outlook.com,212.220.75.4,983-635-9931,Device9307
90,yahoo.com,79.134.118.113,477-287-4923,Device8437
91,outlook.com,94.248.230.179,218-255-3745,Device1446
92,outlook.com,62.185.194.79,894-601-6818,Device2391
93,yahoo.com,203.136.26.179,274-833-3792,Device2340
94,yahoo.com,173.44.133.70,773-520-5063,Device3939
95,yahoo.com,154.118.68.19,835-600-9224,Device6969
96,yahoo.com,212.225.20.113,154-618-3803,Device5813
97,yahoo.com,140.47.1.90,924-737-7155,Device4569
98,outlook.com,142.64.38.37,627-819-7516,Device6454
99,yahoo.com,126.139.100.77,583-746-8395,Device4150
100,gmail.com,235.3.161.134,722-406-5552,Device7414
101,hotmail.com,178.248.10.5,259-430-7919,Device5657
102,yahoo.com,151.138.172.130,324-828-9835,Device7947
103,yahoo.com,13.168.130.84,715-294-9680,Device8943
104,outlook.com,65.63.101.73,256-709-6345,Device4662
105,yahoo.com,17.9.203.143,511-304-2102,Device5482
106,yahoo.com,152.38.247.163,223-570-9707,Device5797
107,yahoo.com,94.95.49.69,701-203-9584,Device6068
108,outlook.com,62.188.236.178,730-744-7683,Device6480
109,yahoo.com,78.117.120.203,377-332-6690,Device9033
110,hotmail.com,137.162.76.227,189-591-1025,Device1983
111,outlook.com,35.1.40.64,124-493-8468,Device6607
112,hotmail.com,150.60.64.93,438-366-9652,Device9543
113,outlook.com,72.11.105.229,792-555-6102,Device2907
114,yahoo.com,14.60.30.35,962-511-2994,Device7924
115,hotmail.com,213.165.5.83,590-932-2072,Device9737
116,outlook.com,123.78.154.62,786-663-1215,Device5174
117,gmail.com,132.89.237.42,537-799-3606,Device8265
118,yahoo.com,89.146.40.72,258-588-5781,Device2990
119,outlook.com,39.104.14.32,341-893-8763,Device6596
120,gmail.com,179.125.166.97,919-460-3295,Device4998
121,outlook.com,23.63.143.225,665-772-2946,Device4775
122,gmail.com,153.145.225.239,837-114-3783,Device5645
123,yahoo.com,247.194.206.53,672-221-7420,Device3061
124,hotmail.com,104.104.179.39,657-552-8557,Device5487
125,gmail.com,179.198.134.67,393-673-3645,Device5435
126,outlook.com,135.179.200.42,545-309-2932,Device3644
127,yahoo.com,192.244.15.111,322-833-6085,Device2045
128,gmail.com,157.33.244.222,617-192-1492,Device8951
129,outlook.com,231.155.164.157,334-719-8888,Device7449
130,outlook.com,38.185.97.253,851-430-5958,Device3681
131,outlook.com,229.155.183.33,767-591-3743,Device4199
132,gmail.com,254.196.86.66,931-798-8160,Device7768
133,gmail.com,10.5.123.74,431-238-9548,Device8440
134,gmail.com,97.118.38.141,700-373-8186,Device9633
135,hotmail.com,159.47.228.109,410-969-1619,Device3550
136,gmail.com,216.180.184.15,982-896-4642,Device5225
137,gmail.com,157.136.5.157,224-453-2296,Device1596
138,gmail.com,47.68.76.173,718-910-9436,Device7054
139,hotmail.com,130.155.95.115,947-549-1929,Device2505
140,gmail.com,243.164.36.26,346-619-4212,Device7468
141,outlook.com,43.27.69.148,461-107-4423,Device8236
142,gmail.com,11.254.74.104,594-705-7976,Device2551
143,outlook.com,38.134.200.23,526-138-4667,Device7852
144,outlook.com,47.90.46.107,699-853-6973,Device2449
145,outlook.com,140.218.141.104,192-185-3468,Device6953
146,hotmail.com,190.210.217.225,173-647-2636,Device9456
147,hotmail.com,111.104.60.171,611-255-5009,Device9042
148,hotmail.com,204.236.100.240,354-270-9148,Device3659
149,gmail.com,68.133.120.37,827-269-5967,Device8509
150,outlook.com,72.127.106.241,421-666-6722,Device8893
151,hotmail.com,92.31.122.137,889-712-5444,Device8445
152,hotmail.com,246.51.29.206,550-975-2676,Device3721
153,gmail.com,40.41.214.11,272-109-3787,Device3925
154,hotmail.com,151.1.46.101,364-537-8927,Device8104
155,gmail.com,149.90.110.164,346-766-7689,Device7240
156,yahoo.com,182.215.57.1,598-228-4743,Device1512
157,hotmail.com,63.182.55.115,700-704-5422,Device1215
158,yahoo.com,168.143.149.175,852-934-3451,Device8299
159,gmail.com,201.53.137.202,728-705-8778,Device4153
160,outlook.com,180.57.117.154,724-458-4674,Device8450
161,hotmail.com,169.35.63.244,957-817-5369,Device2706
162,gmail.com,25.90.75.38,784-215-5956,Device2567
163,outlook.com,130.135.210.219,792-190-2105,Device2128
164,outlook.com,162.91.17.128,423-213-9345,Device4510
165,yahoo.com,171.187.108.251,976-503-4699,Device8867
166,gmail.com,179.182.152.25,954-365-4786,Device3365
167,outlook.com,199.180.198.245,140-204-2913,Device6583
168,hotmail.com,88.161.177.29,292-500-2772,Device5897
169,hotmail.com,63.235.150.154,832-679-8423,Device6718
170,yahoo.com,156.114.213.49,750-923-1660,Device7001
171,outlook.com,199.81.84.105,198-687-2132,Device5567
172,gmail.com,177.148.118.86,799-298-8470,Device3741
173,hotmail.com,220.63.189.104,426-253-8812,Device4020
174,outlook.com,49.71.1.224,504-561-3179,Device7256
175,outlook.com,141.222.215.179,890-973-9275,Device1228
176,yahoo.com,123.184.211.62,498-853-4180,Device9362
177,hotmail.com,32.158.29.49,320-652-1614,Device1294
178,hotmail.com,173.221.30.144,657-593-5570,Device5284
179,gmail.com,168.19.18.1,935-989-1270,Device9617
180,hotmail.com,78.115.175.242,520-996-4607,Device7801
181,gmail.com,194.246.220.113,635-103-1289,Device1918
182,hotmail.com,114.222.166.179,532-570-4252,Device1498
183,yahoo.com,63.132.129.8,347-727-1278,Device3809
184,hotmail.com,157.55.103.131,976-680-5958,Device5961
185,gmail.com,32.10.202.211,353-280-8997,Device4779
186,gmail.com,110.162.124.225,780-924-4832,Device3118
187,yahoo.com,87.55.220.32,799-665-6445,Device7391
188,hotmail.com,178.135.93.8,456-924-7534,Device1145
189,hotmail.com,65.57.247.67,714-184-5307,Device8942
190,yahoo.com,216.215.187.253,614-483-6810,Device5565
191,hotmail.com,72.54.249.239,441-914-4109,Device1192
192,hotmail.com,229.67.51.97,610-519-4240,Device6187
193,gmail.com,92.239.8.162,442-925-9497,Device7637
194,hotmail.com,35.96.88.78,641-801-7680,Device9243
195,hotmail.com,32.120.46.235,211-510-1205,Device3410
196,yahoo.com,144.196.244.165,284-481-5591,Device2820
197,yahoo.com,182.213.142.223,478-146-4811,Device3964
198,outlook.com,55.176.210.7,650-627-6141,Device3521
199,gmail.com,74.7.161.151,312-409-3708,Device3568
200,hotmail.com,85.147.112.125,852-371-4273,Device6882
201,hotmail.com,147.36.29.188,131-542-9712,Device2867
202,outlook.com,82.2.129.47,750-579-3832,Device8465
203,hotmail.com,197.148.11.234,935-659-7579,Device8602
204,gmail.com,130.195.215.119,210-252-6754,Device4199
205,outlook.com,140.20.5.37,968-201-3800,Device7103
206,gmail.com,166.222.137.226,932-290-3610,Device1240
207,outlook.com,53.172.99.244,903-180-8361,Device4440
208,outlook.com,250.86.108.24,203-882-8263,Device5631
209,yahoo.com,81.202.158.120,522-990-8365,Device9274
210,gmail.com,59.238.215.128,100-506-1166,Device6077
211,hotmail.com,224.209.114.115,608-737-4664,Device4768
212,hotmail.com,209.14.9.40,517-862-1680,Device8995
213,gmail.com,194.237.25.103,576-172-6260,Device9802
214,hotmail.com,201.246.22.235,681-361-2363,Device7429
215,hotmail.com,238.4.154.186,407-344-2538,Device4605
216,gmail.com,29.109.98.215,436-674-9752,Device3173
217,outlook.com,37.75.70.146,175-979-1174,Device7568
218,gmail.com,128.85.42.100,208-282-5287,Device3601
219,outlook.com,41.166.34.17,164-948-8106,Device3657
220,hotmail.com,165.153.230.122,573-882-4171,Device7080
221,hotmail.com,76.87.117.106,643-963-2151,Device8325
222,hotmail.com,86.213.27.57,551-468-5946,Device3159
223,yahoo.com,31.134.219.168,142-983-4490,Device4830
224,outlook.com,98.12.237.249,587-177-2293,Device9313
225,yahoo.com,53.199.138.173,773-800-7871,Device5368
226,yahoo.com,145.154.213.220,414-950-5997,Device2317
227,gmail.com,190.122.46.64,988-267-3240,Device5493
228,yahoo.com,130.252.54.107,552-382-1389,Device2230
229,gmail.com,193.51.181.36,624-339-2855,Device2133
230,gmail.com,115.26.29.149,582-758-3763,Device8607
231,yahoo.com,11.40.11.164,691-990-2481,Device2301
232,outlook.com,113.187.39.232,188-759-8262,Device2910
233,outlook.com,227.54.98.55,551-527-4093,Device9082
234,outlook.com,111.152.246.150,982-412-5068,Device9107
235,outlook.com,69.56.33.250,939-618-4277,Device8970
236,outlook.com,36.239.148.211,474-550-8951,Device2916
237,yahoo.com,227.244.235.81,694-278-5595,Device7996
238,yahoo.com,190.251.109.235,563-939-8291,Device3757
239,hotmail.com,226.201.154.194,212-111-4197,Device7464
240,outlook.com,245.73.201.40,664-430-1139,Device1178
241,yahoo.com,17.129.217.61,500-196-9708,Device7362
242,hotmail.com,171.104.42.25,668-945-8236,Device9683
243,outlook.com,39.35.131.242,217-987-4104,Device1060
244,gmail.com,229.108.172.179,417-149-4951,Device7681
245,hotmail.com,222.102.98.12,588-118-5821,Device3895
246,yahoo.com,19.101.44.187,296-990-3606,Device1585
247,gmail.com,251.49.189.17,778-551-7432,Device6823
248,gmail.com,74.57.55.241,240-183-4765,Device1534
249,gmail.com,47.12.62.80,490-690-7358,Device4462
250,hotmail.com,216.83.8.223,502-227-6941,Device5011
251,yahoo.com,149.81.215.229,576-859-7547,Device4398
252,gmail.com,118.208.198.200,128-891-7481,Device3155
253,outlook.com,25.210.89.12,930-813-5456,Device6966
254,gmail.com,143.59.154.233,668-491-7361,Device8329
255,gmail.com,109.26.47.32,673-768-1201,Device7957
256,hotmail.com,10.16.199.145,116-421-1517,Device6325
257,hotmail.com,151.26.213.86,669-424-2988,Device9518
258,yahoo.com,250.135.14.79,181-573-4802,Device5703
259,outlook.com,117.7.137.115,788-303-8162,Device3706
260,hotmail.com,176.72.242.59,486-877-7241,Device1001
261,gmail.com,215.221.82.223,444-902-9399,Device9316
262,yahoo.com,222.116.167.227,613-735-7309,Device2104
263,gmail.com,146.187.234.103,121-253-2518,Device2861
264,gmail.com,17.14.159.152,329-119-3600,Device6269
265,hotmail.com,227.108.188.45,247-207-4554,Device7943
266,yahoo.com,98.131.37.171,466-933-3849,Device9320
267,outlook.com,168.218.183.215,934-233-2742,Device1437
268,outlook.com,108.39.15.120,382-877-8519,Device5846
269,hotmail.com,241.4.93.214,659-425-5195,Device4129
270,hotmail.com,153.141.210.161,158-607-3305,Device9081
271,yahoo.com,16.237.170.108,512-551-3642,Device1901
272,outlook.com,126.194.55.227,253-365-5757,Device6398
273,outlook.com,170.34.158.251,659-990-2271,Device7678
274,outlook.com,247.13.141.18,889-967-9801,Device6529
275,gmail.com,160.96.227.123,513-124-7124,Device7604
276,outlook.com,39.46.244.29,383-548-5396,Device4918
277,gmail.com,190.241.221.62,167-106-1816,Device2067
278,yahoo.com,245.236.185.16,236-263-1082,Device1026
279,gmail.com,184.236.239.121,996-749-3093,Device7937
280,yahoo.com,10.158.153.103,717-899-9367,Device8264
281,outlook.com,84.133.65.222,265-756-5937,Device8118
282,outlook.com,177.3.173.142,469-894-3101,Device1547
283,yahoo.com,120.158.242.68,789-518-2779,Device9758
284,hotmail.com,146.190.37.153,606-440-8294,Device9895
285,yahoo.com,176.193.181.238,508-466-4676,Device6338
286,hotmail.com,207.73.143.49,478-172-9089,Device4140
287,gmail.com,121.88.196.140,347-959-5138,Device8996
288,gmail.com,187.250.37.61,476-140-5017,Device2590
289,gmail.com,229.171.124.198,311-592-9560,Device8776
290,outlook.com,39.184.63.46,856-250-2134,Device5943
291,gmail.com,88.11.62.77,579-535-6166,Device9997
292,hotmail.com,226.153.199.52,674-836-7136,Device8798
293,gmail.com,4.59.72.148,465-168-3346,Device4791
294,yahoo.com,93.63.54.117,901-395-9252,Device2357
295,yahoo.com,243.237.110.74,929-413-2184,Device9092
296,outlook.com,107.226.57.218,430-627-2629,Device4225
297,yahoo.com,169.241.250.3,403-602-2361,Device3460
298,hotmail.com,120.6.5.5,649-738-5370,Device9737
299,gmail.com,54.47.215.177,263-542-2993,Device3728
300,outlook.com,9.99.20.122,969-932-2014,Device7726
301,gmail.com,241.61.123.234,987-702-1690,Device8481
302,gmail.com,163.178.82.62,593-589-7864,Device7430
303,hotmail.com,145.216.3.160,172-608-8786,Device4114
304,yahoo.com,227.230.13.120,956-394-6488,Device1616
305,yahoo.com,125.239.89.73,895-964-5744,Device4644
306,gmail.com,68.142.101.98,949-667-4258,Device7413
307,outlook.com,11.105.184.67,952-869-9636,Device2203
308,yahoo.com,123.220.29.137,669-462-6307,Device3565
309,outlook.com,195.153.226.76,841-779-6738,Device4174
310,yahoo.com,170.9.207.40,648-434-8697,Device4081
311,outlook.com,25.5.139.187,965-162-8829,Device3630
312,hotmail.com,226.216.124.207,611-238-8352,Device4161
313,outlook.com,38.72.251.133,304-871-9326,Device5321
314,hotmail.com,176.90.146.198,672-974-9003,Device9861
315,hotmail.com,37.60.176.205,306-228-4074,Device7269
316,outlook.com,28.197.205.81,853-220-8552,Device8099
317,hotmail.com,114.40.45.224,713-137-6103,Device8376
318,gmail.com,62.93.115.186,744-813-3068,Device5078
319,hotmail.com,67.56.40.98,341-554-3668,Device6801
320,yahoo.com,40.91.205.237,402-695-1802,Device5151
321,outlook.com,33.6.216.147,168-228-1195,Device9911
322,gmail.com,80.168.92.97,239-543-3330,Device3600
323,outlook.com,59.59.48.169,411-845-4606,Device7175
324,yahoo.com,13.107.45.89,764-376-1060,Device1666
325,yahoo.com,181.170.100.191,418-989-4927,Device1283
326,yahoo.com,155.166.188.7,252-848-3591,Device6840
327,hotmail.com,133.235.45.58,666-963-7121,Device4565
328,hotmail.com,249.243.31.23,276-461-3854,Device5593
329,outlook.com,170.138.160.107,947-196-8024,Device2465
330,outlook.com,181.158.39.159,312-928-1136,Device9321
331,gmail.com,82.100.2.206,105-208-3594,Device5734
332,gmail.com,77.221.12.39,138-761-3472,Device7257
333,outlook.com,194.224.13.46,729-360-1086,Device8366
334,hotmail.com,155.113.233.17,564-175-9143,Device4672
335,yahoo.com,104.223.98.188,513-924-3773,Device8382
336,outlook.com,192.88.109.163,556-384-2700,Device7587
337,gmail.com,240.70.211.158,698-752-7815,Device1992
338,hotmail.com,199.74.233.224,657-471-2647,Device7858
339,outlook.com,226.63.156.60,144-500-4687,Device3121
340,outlook.com,79.222.37.221,696-549-9676,Device3223
341,hotmail.com,22.196.148.96,745-719-5757,Device5522
342,outlook.com,228.242.68.219,857-388-9912,Device4188
343,hotmail.com,192.17.12.150,737-334-8081,Device4237
344,yahoo.com,145.138.118.193,598-733-2673,Device5136
345,hotmail.com,22.218.120.251,214-773-8178,Device1343
346,hotmail.com,210.50.14.192,305-778-3294,Device5704
347,hotmail.com,175.29.204.164,658-857-1146,Device5823
348,outlook.com,251.227.180.125,217-481-5507,Device5920
349,outlook.com,204.7.29.139,763-683-6628,Device4201
350,hotmail.com,33.134.111.79,236-274-4360,Device6471
351,outlook.com,160.179.203.58,580-118-3242,Device1888
352,gmail.com,215.26.226.174,429-274-6097,Device8127
353,gmail.com,226.29.4.209,548-453-6618,Device4720
354,outlook.com,99.141.233.39,240-857-2920,Device3883
355,outlook.com,15.119.29.157,192-338-1204,Device5212
356,hotmail.com,75.116.32.130,659-532-5927,Device7961
357,yahoo.com,175.206.84.22,416-394-3687,Device3415
358,outlook.com,203.27.195.81,955-381-7160,Device4001
359,gmail.com,126.236.184.92,170-368-6126,Device2738
360,hotmail.com,221.21.47.208,413-916-1192,Device2364
361,outlook.com,101.187.84.6,852-673-7314,Device3708
362,gmail.com,147.185.197.131,636-350-2788,Device1924
363,gmail.com,251.1.58.124,486-306-4700,Device1151
364,yahoo.com,166.15.162.189,515-893-4893,Device9777
365,hotmail.com,163.64.241.25,767-172-3679,Device9044
366,hotmail.com,24.12.18.15,923-932-8260,Device1912
367,yahoo.com,236.208.27.72,604-697-7773,Device3321
368,yahoo.com,60.174.217.145,844-298-1717,Device1495
369,hotmail.com,93.53.8.79,512-438-1658,Device3148
370,hotmail.com,27.174.50.244,528-882-5994,Device1556
371,outlook.com,199.131.93.192,238-792-5637,Device2552
372,outlook.com,172.181.24.60,156-331-7801,Device3120
373,yahoo.com,122.131.148.46,534-483-3607,Device4085
374,outlook.com,15.153.222.206,293-835-4719,Device4504
375,gmail.com,199.17.126.236,633-617-3763,Device1156
376,outlook.com,84.228.9.166,850-284-6991,Device9926
377,outlook.com,176.249.188.63,391-434-9923,Device8505
378,gmail.com,214.246.245.117,215-924-5780,Device8162
379,yahoo.com,130.88.72.139,181-933-7476,Device6523
380,gmail.com,64.205.209.72,656-434-1531,Device8543
381,outlook.com,21.18.222.64,320-734-1002,Device9055
382,yahoo.com,82.110.239.95,793-305-6951,Device5654
383,outlook.com,166.32.11.45,139-158-6626,Device7250
384,gmail.com,217.33.252.102,671-983-3890,Device8246
385,gmail.com,169.136.11.214,221-578-7239,Device1154
386,outlook.com,179.88.41.145,958-513-4306,Device8950
387,hotmail.com,76.121.46.160,997-161-1670,Device1996
388,hotmail.com,207.80.54.86,223-581-7460,Device5626
389,gmail.com,92.148.161.202,603-818-6167,Device3905
390,gmail.com,168.160.242.252,508-235-1249,Device1153
391,hotmail.com,97.2.225.33,413-968-4439,Device8853
392,hotmail.com,233.205.158.161,528-929-3854,Device7481
393,outlook.com,77.116.154.150,579-413-4792,Device6599
394,outlook.com,103.194.166.103,454-584-6330,Device2716
395,hotmail.com,90.174.122.242,803-143-4612,Device1786
396,outlook.com,143.226.106.119,670-682-4163,Device5368
397,outlook.com,172.49.104.203,364-994-9411,Device9096
398,yahoo.com,61.195.123.134,541-500-1990,Device5272
399,outlook.com,9.6.73.103,998-888-9995,Device4767
400,gmail.com,223.160.41.114,589-584-6876,Device9834
401,outlook.com,204.8.72.178,569-673-8081,Device6994
402,outlook.com,92.62.84.62,943-781-4516,Device8216
403,hotmail.com,111.251.127.7,368-366-1053,Device9857
404,gmail.com,203.84.208.132,627-619-1615,Device4426
405,outlook.com,134.58.22.154,158-924-8404,Device4783
406,outlook.com,127.3.127.41,485-705-7859,Device6427
407,yahoo.com,188.106.14.203,749-399-4278,Device8011
408,outlook.com,210.246.12.87,435-692-4801,Device9052
409,outlook.com,12.141.25.45,613-277-7539,Device4701
410,yahoo.com,243.122.147.55,470-957-5886,Device3349
411,hotmail.com,238.100.173.136,757-417-1383,Device8011
412,outlook.com,221.119.53.183,161-905-5334,Device8055
413,yahoo.com,32.51.44.82,294-777-7204,Device2212
414,gmail.com,198.146.211.150,228-784-7111,Device7965
415,hotmail.com,37.96.56.105,255-477-1922,Device7704
416,gmail.com,59.131.156.202,967-889-4046,Device8433
417,gmail.com,243.35.189.93,536-306-8647,Device3511
418,yahoo.com,182.191.207.97,890-986-5933,Device1143
419,outlook.com,135.76.49.94,439-968-7483,Device8367
420,yahoo.com,213.159.186.189,303-260-9960,Device4228
421,yahoo.com,24.148.37.4,776-674-3581,Device5582
422,yahoo.com,220.108.126.20,169-992-5500,Device7031
423,yahoo.com,188.152.50.177,707-774-6710,Device5243
424,hotmail.com,179.96.105.164,616-927-4191,Device3713
425,outlook.com,250.117.98.228,913-789-4759,Device5185
426,gmail.com,66.79.162.164,316-155-1365,Device8328
427,gmail.com,6.39.170.243,798-603-9092,Device5633
428,outlook.com,115.186.246.125,554-203-5172,Device4192
429,gmail.com,12.131.237.18,329-357-3378,Device1300
430,outlook.com,40.21.143.225,281-992-6669,Device1723
431,gmail.com,99.26.8.100,787-126-9490,Device6694
432,yahoo.com,240.222.87.42,898-190-7623,Device4010
433,gmail.com,172.14.78.2,672-557-2474,Device6555
434,outlook.com,119.37.69.166,464-958-7396,Device1067
435,outlook.com,237.41.62.246,880-980-3850,Device3506
436,outlook.com,60.125.111.14,558-798-3964,Device2537
437,outlook.com,248.231.217.84,598-607-7644,Device1397
438,outlook.com,130.231.70.145,902-697-1165,Device6680
439,hotmail.com,123.89.249.28,514-561-1919,Device5825
440,hotmail.com,66.163.229.5,213-532-1991,Device9747
441,gmail.com,193.168.204.184,455-794-4839,Device7048
442,outlook.com,164.45.151.47,334-541-9706,Device4661
443,gmail.com,31.139.10.195,307-808-1067,Device3941
444,outlook.com,118.14.80.202,672-640-5478,Device8067
445,outlook.com,93.10.76.94,118-782-4521,Device6091
446,hotmail.com,105.1.133.20,173-672-8082,Device2601
447,hotmail.com,8.171.204.1,764-375-3258,Device2480
448,yahoo.com,57.64.118.212,954-750-6741,Device7230
449,hotmail.com,28.121.107.165,794-639-8876,Device4276
450,yahoo.com,175.229.204.165,290-414-5996,Device7447
451,yahoo.com,49.241.120.44,662-760-3827,Device6499
452,yahoo.com,56.156.111.207,661-857-6232,Device7273
453,yahoo.com,134.108.251.189,269-567-8845,Device2299
454,yahoo.com,148.114.78.130,113-814-5383,Device6818
455,gmail.com,201.37.20.26,288-254-7837,Device7701
456,hotmail.com,29.1.119.35,821-987-4716,Device5994
457,yahoo.com,198.229.245.59,442-524-1570,Device8489
458,outlook.com,69.161.241.179,610-956-3505,Device9269
459,hotmail.com,206.12.234.20,950-932-7982,Device3831
460,hotmail.com,181.242.216.251,359-292-2678,Device3721
461,yahoo.com,43.126.226.217,715-505-8086,Device2532
462,gmail.com,50.29.185.39,820-192-5749,Device9429
463,yahoo.com,223.184.239.171,533-503-5529,Device6253
464,gmail.com,178.151.172.38,211-474-8226,Device2996
465,outlook.com,84.151.128.126,142-306-5875,Device6311
466,hotmail.com,45.52.80.178,395-217-5627,Device1277
467,outlook.com,234.124.119.8,321-265-3690,Device4089
468,gmail.com,242.85.129.247,255-283-9281,Device1523
469,gmail.com,8.157.96.102,193-112-4020,Device5275
470,outlook.com,5.239.86.175,933-904-3789,Device6365
471,gmail.com,34.193.55.119,933-903-8605,Device4122
472,outlook.com,218.171.202.158,637-686-9135,Device9167
473,hotmail.com,114.210.145.26,975-910-8175,Device6190
474,outlook.com,136.47.232.113,128-395-8129,Device5575
475,hotmail.com,76.219.72.89,820-739-3387,Device8727
476,outlook.com,46.196.33.1,727-538-6866,Device2797
477,gmail.com,147.31.208.142,618-144-2262,Device3131
478,outlook.com,53.48.69.105,254-280-8382,Device8322
479,gmail.com,90.190.220.194,187-355-6630,Device7500
480,outlook.com,242.192.198.63,172-278-3259,Device1815
481,outlook.com,73.161.169.89,904-333-1464,Device9634
482,yahoo.com,176.13.73.245,850-322-7774,Device7666
483,gmail.com,77.159.233.203,924-363-2230,Device1142
484,yahoo.com,68.98.125.102,706-984-4805,Device2410
485,gmail.com,238.132.102.19,465-375-6750,Device1534
486,yahoo.com,198.226.82.141,367-884-4135,Device4364
487,hotmail.com,233.23.83.109,909-449-7034,Device2032
488,outlook.com,75.129.88.254,593-622-7065,Device4342
489,gmail.com,54.199.89.213,170-463-3617,Device7085
490,gmail.com,143.65.76.250,901-862-5145,Device5500
491,outlook.com,199.143.149.147,457-827-7628,Device2172
492,gmail.com,60.93.217.161,183-998-8972,Device5517
493,gmail.com,49.224.241.35,737-907-9775,Device9007
494,yahoo.com,172.102.218.11,395-335-2942,Device2641
495,gmail.com,99.200.110.206,459-209-1191,Device1471
496,hotmail.com,74.194.174.9,192-961-7711,Device3940
497,hotmail.com,3.85.26.72,159-749-5134,Device9738
498,outlook.com,48.194.198.156,639-148-8587,Device5726
499,gmail.com,117.221.154.153,736-112-5131,Device8670
500,outlook.com,12.133.226.48,200-893-6457,Device4723
501,hotmail.com,37.207.44.228,265-482-2879,Device1363
502,gmail.com,15.43.176.87,994-475-8542,Device4309
503,gmail.com,70.46.242.108,110-401-8357,Device1545
504,outlook.com,123.171.237.21,552-291-2289,Device4240
505,hotmail.com,151.107.247.80,523-227-7381,Device7665
506,gmail.com,47.117.124.143,454-211-6462,Device2936
507,outlook.com,25.36.203.51,244-164-4318,Device1882
508,hotmail.com,15.68.21.141,834-589-5920,Device4840
509,outlook.com,214.19.34.78,538-205-7324,Device7923
510,yahoo.com,125.196.240.117,283-325-1776,Device5611
511,gmail.com,52.238.27.157,889-188-1687,Device6204
512,yahoo.com,239.156.35.136,629-470-6067,Device8288
513,hotmail.com,144.106.164.158,498-205-7094,Device4203
514,yahoo.com,146.2.177.77,930-602-5774,Device3244
515,yahoo.com,132.90.89.94,624-948-4103,Device1018
516,hotmail.com,203.7.95.108,492-139-8124,Device1641
517,outlook.com,74.39.141.159,181-944-1446,Device4083
518,yahoo.com,71.191.56.241,943-527-4109,Device6200
519,outlook.com,170.189.42.184,310-543-1226,Device9521
520,yahoo.com,36.84.196.118,147-117-6558,Device1865
521,outlook.com,7.54.129.172,906-807-1186,Device1773
522,hotmail.com,120.173.106.47,444-323-3535,Device5732
523,yahoo.com,123.141.119.150,976-948-3032,Device4518
524,hotmail.com,118.21.214.220,328-489-6074,Device7795
525,yahoo.com,137.26.9.15,688-287-2881,Device7984
526,hotmail.com,10.216.122.121,369-706-5405,Device3567
527,hotmail.com,125.170.72.152,231-650-2695,Device2674
528,yahoo.com,208.49.154.91,286-585-4262,Device1739
529,yahoo.com,37.68.50.152,521-219-9411,Device2545
530,yahoo.com,19.100.60.167,152-833-6570,Device6127
531,gmail.com,202.89.146.147,511-742-7901,Device7947
532,outlook.com,164.202.225.183,837-819-9597,Device7620
533,gmail.com,242.69.175.49,707-521-7855,Device5555
534,gmail.com,227.108.226.161,346-171-5482,Device6645
535,hotmail.com,119.149.209.150,867-798-8243,Device9943
536,yahoo.com,176.37.143.163,276-926-6918,Device8124
537,outlook.com,220.199.160.11,448-354-8869,Device4732
538,hotmail.com,138.201.78.77,407-444-5820,Device3283
539,gmail.com,253.185.254.153,861-695-4558,Device9669
540,yahoo.com,2.64.35.7,482-505-7531,Device7998
541,hotmail.com,85.146.67.42,624-656-3985,Device6413
542,yahoo.com,118.125.167.169,725-375-3547,Device2269
543,hotmail.com,241.203.231.24,816-436-3979,Device8868
544,yahoo.com,188.46.19.68,580-996-1910,Device3603
545,gmail.com,218.102.42.32,372-157-6447,Device6961
546,outlook.com,167.109.238.36,830-208-8446,Device9569
547,gmail.com,232.229.97.164,785-427-1314,Device8557
548,outlook.com,131.73.136.97,573-210-5876,Device2680
549,yahoo.com,123.70.169.231,328-596-9347,Device9433
550,hotmail.com,196.13.49.60,572-800-4343,Device6682
551,gmail.com,130.188.5.172,986-101-1721,Device9084
552,outlook.com,27.160.149.8,610-385-1870,Device6367
553,gmail.com,230.200.50.67,112-707-1497,Device1069
554,outlook.com,246.44.125.58,832-337-2117,Device4924
555,gmail.com,3.86.70.130,437-880-2647,Device7200
556,outlook.com,215.172.2.102,666-948-7771,Device3007
557,outlook.com,209.35.98.215,242-300-3761,Device9992
558,yahoo.com,30.116.8.150,463-578-8069,Device9119
559,outlook.com,44.186.36.197,516-924-3696,Device3779
560,yahoo.com,77.221.31.47,793-466-4072,Device5920
561,outlook.com,249.55.208.106,143-838-4791,Device1755
562,hotmail.com,190.158.121.55,364-899-2806,Device7495
563,hotmail.com,144.12.145.144,239-580-4308,Device6935
564,hotmail.com,140.136.212.3,171-766-4303,Device3330
565,outlook.com,144.30.237.23,141-801-8850,Device6705
566,yahoo.com,92.115.104.118,962-372-2504,Device9301
567,yahoo.com,5.212.104.248,515-605-9924,Device2016
568,outlook.com,108.65.121.30,824-952-9615,Device8347
569,hotmail.com,149.84.198.150,506-667-5485,Device9216
570,hotmail.com,210.200.231.32,441-713-9100,Device5938
571,yahoo.com,161.245.16.204,592-291-9690,Device3838
572,hotmail.com,38.244.226.253,921-811-5322,Device1737
573,gmail.com,142.36.225.151,470-238-7999,Device7200
574,yahoo.com,114.237.66.105,916-248-8282,Device9371
575,hotmail.com,85.2.219.249,549-162-2874,Device1231
576,yahoo.com,201.193.75.67,970-767-9464,Device2917
577,gmail.com,180.190.151.154,105-246-2051,Device9534
578,yahoo.com,196.210.55.6,649-218-8538,Device6918
579,yahoo.com,163.150.171.143,343-679-7320,Device3623
580,yahoo.com,86.60.101.244,398-775-3105,Device9646
581,yahoo.com,234.12.239.49,368-407-8737,Device7401
582,gmail.com,42.166.82.173,387-204-2251,Device8072
583,outlook.com,35.158.216.234,346-799-2517,Device3276
584,yahoo.com,158.206.134.67,182-285-6869,Device8393
585,yahoo.com,80.7.180.14,971-795-5891,Device9787
586,hotmail.com,73.143.149.163,996-309-3863,Device4874
587,yahoo.com,66.91.130.163,907-708-7603,Device5530
588,hotmail.com,210.206.20.210,571-819-7513,Device8164
589,outlook.com,10.25.194.25,591-236-1183,Device5497
590,gmail.com,253.54.33.164,687-386-7615,Device8933
591,gmail.com,95.14.65.110,474-753-9728,Device3135
592,outlook.com,80.54.238.125,610-901-6698,Device7727
593,gmail.com,180.131.227.169,349-609-2096,Device2565
594,outlook.com,134.25.141.117,381-459-9002,Device1308
595,outlook.com,226.136.149.226,251-104-6314,Device9534
596,outlook.com,196.25.79.68,382-563-1270,Device9627
597,gmail.com,173.188.12.32,262-559-7305,Device9368
598,hotmail.com,128.96.92.141,450-533-7995,Device1138
599,outlook.com,31.78.20.146,239-570-8299,Device1193
600,yahoo.com,221.60.191.134,186-787-3230,Device4257
601,gmail.com,160.93.43.254,467-228-4672,Device4235
602,outlook.com,130.60.151.211,677-769-4970,Device1942
603,outlook.com,31.243.5.211,477-248-6552,Device5620
604,yahoo.com,162.10.89.130,727-825-7589,Device6720
605,hotmail.com,126.11.178.253,580-983-3341,Device7353
606,hotmail.com,159.56.207.201,864-242-9185,Device5957
607,hotmail.com,215.83.137.99,349-977-6043,Device4381
608,outlook.com,149.73.156.190,401-124-3672,Device6839
609,outlook.com,238.115.7.80,974-211-8531,Device3880
610,outlook.com,144.252.97.4,402-570-2987,Device5887
611,gmail.com,4.103.40.17,190-629-5059,Device1545
612,yahoo.com,101.103.124.52,838-825-9383,Device2927
613,outlook.com,221.52.164.124,651-341-5440,Device5152
614,yahoo.com,166.231.178.63,279-811-7646,Device1004
615,yahoo.com,229.116.191.62,302-672-5287,Device6533
616,hotmail.com,253.227.7.155,104-989-2716,Device6378
617,gmail.com,92.214.14.199,410-648-5538,Device7233
618,outlook.com,229.253.86.133,336-969-4932,Device3663
619,hotmail.com,254.183.130.62,296-684-8616,Device4326
620,hotmail.com,219.149.246.230,459-799-3866,Device4659
621,outlook.com,79.149.138.215,129-878-3011,Device2131
622,yahoo.com,58.120.167.133,207-943-5006,Device5763
623,hotmail.com,65.13.213.218,701-816-1890,Device7737
624,yahoo.com,242.237.213.181,544-992-9923,Device6092
625,gmail.com,82.229.173.160,989-705-3504,Device7022
626,yahoo.com,164.209.227.241,714-834-7100,Device4159
627,gmail.com,188.139.191.149,795-594-7686,Device7159
628,yahoo.com,52.183.117.26,663-956-1896,Device8318
629,hotmail.com,254.196.34.52,538-377-5647,Device9445
630,hotmail.com,112.252.82.232,712-210-3432,Device6307
631,gmail.com,227.233.221.180,932-860-7837,Device9520
632,outlook.com,157.166.42.21,525-504-6454,Device4044
633,gmail.com,42.141.113.105,308-121-9869,Device6636
634,gmail.com,192.17.120.137,710-307-7845,Device3892
635,yahoo.com,169.129.130.60,786-884-5624,Device6288
636,yahoo.com,48.29.97.10,701-752-9848,Device6812
637,gmail.com,242.58.188.232,265-948-5591,Device1654
638,hotmail.com,21.28.203.247,689-528-3821,Device6481
639,yahoo.com,34.8.187.214,262-465-8693,Device1759
640,outlook.com,200.177.79.145,338-171-4580,Device7782
641,yahoo.com,188.87.88.173,894-368-3462,Device2798
642,yahoo.com,211.69.160.172,344-774-8984,Device6159
643,outlook.com,193.87.101.8,506-316-7049,Device9446
644,gmail.com,77.200.249.87,125-914-1985,Device6262
645,outlook.com,43.129.109.179,631-489-9901,Device4823
646,gmail.com,152.227.152.17,670-547-7289,Device2876
647,gmail.com,133.148.21.232,487-884-6368,Device7154
648,gmail.com,58.159.110.228,625-561-8566,Device8787
649,outlook.com,139.180.143.211,118-674-8658,Device5516
650,gmail.com,135.243.28.51,850-518-8504,Device4734
651,hotmail.com,235.186.5.5,518-711-9095,Device6972
652,outlook.com,94.246.96.8,221-531-2895,Device7639
653,hotmail.com,64.138.38.111,416-480-2073,Device6356
654,gmail.com,224.112.220.81,164-454-5895,Device7380
655,yahoo.com,223.136.104.153,263-240-2956,Device2008
656,gmail.com,73.194.207.178,979-562-4907,Device5314
657,hotmail.com,195.49.36.126,907-286-5827,Device3508
658,hotmail.com,68.78.105.169,289-487-5524,Device5758
659,outlook.com,217.122.119.190,957-383-3284,Device3682
660,yahoo.com,114.10.149.164,293-386-1757,Device8311
661,outlook.com,140.91.232.2,235-891-4854,Device1989
662,hotmail.com,118.13.181.160,270-258-4558,Device9446
663,gmail.com,95.144.32.32,656-875-7726,Device5711
664,yahoo.com,124.226.11.10,603-975-3418,Device7479
665,gmail.com,15.17.168.146,202-224-8119,Device7964
666,gmail.com,183.201.153.232,897-557-9849,Device9075
667,yahoo.com,59.78.124.250,981-296-1422,Device5452
668,outlook.com,217.114.22.244,671-709-5266,Device9447
669,gmail.com,158.212.213.172,481-272-3710,Device2007
670,hotmail.com,32.179.174.113,552-449-9069,Device7496
671,gmail.com,120.149.227.122,733-593-7763,Device8688
672,yahoo.com,32.222.119.39,103-192-3053,Device4908
673,yahoo.com,241.12.233.175,387-717-4217,Device3803
674,yahoo.com,18.149.141.254,882-523-7009,Device5379
675,outlook.com,149.126.136.46,707-556-2764,Device1098
676,gmail.com,104.238.135.151,301-311-3671,Device9388
677,outlook.com,236.224.203.86,475-990-4177,Device1877
678,outlook.com,150.235.89.22,750-910-8263,Device2868
679,yahoo.com,92.29.13.210,487-551-1808,Device3665
680,yahoo.com,2.29.213.207,515-825-8701,Device2388
681,outlook.com,180.27.50.95,292-249-3806,Device3415
682,gmail.com,207.243.151.88,878-862-6634,Device9761
683,hotmail.com,44.205.22.171,492-415-3123,Device3637
684,outlook.com,165.189.97.184,698-369-1224,Device8242
685,gmail.com,3.191.118.19,629-212-2814,Device9613
686,yahoo.com,23.157.30.39,813-182-1124,Device3883
687,yahoo.com,108.111.25.128,274-168-3931,Device2204
688,gmail.com,229.111.136.106,355-826-3971,Device1544
689,hotmail.com,186.144.72.129,336-347-3415,Device2223
690,yahoo.com,108.5.3.193,594-124-2609,Device4172
691,yahoo.com,132.104.227.224,817-589-7782,Device9959
692,yahoo.com,64.106.98.235,124-433-9307,Device7450
693,gmail.com,217.10.149.128,147-837-6578,Device7520
694,outlook.com,46.231.219.155,622-696-7548,Device1654
695,yahoo.com,66.169.112.13,313-784-4792,Device7821
696,outlook.com,137.244.164.86,547-993-6695,Device3446
697,hotmail.com,234.90.58.54,357-943-7197,Device6892
698,yahoo.com,12.209.206.14,430-883-9432,Device9412
699,yahoo.com,121.162.181.121,854-629-2012,Device4666
700,hotmail.com,20.75.144.243,286-957-7799,Device5277
701,yahoo.com,223.247.70.56,361-463-5586,Device5402
702,outlook.com,211.101.186.132,530-338-7447,Device3569
703,gmail.com,111.125.132.20,397-175-6877,Device6515
704,outlook.com,138.24.246.227,741-573-5922,Device4985
705,gmail.com,154.37.230.213,382-690-2902,Device9167
706,gmail.com,54.232.103.149,986-674-8143,Device8448
707,outlook.com,202.38.174.4,991-111-1140,Device5310
708,outlook.com,188.57.173.20,865-654-1016,Device4019
709,outlook.com,17.119.71.4,162-352-1464,Device4681
710,outlook.com,221.14.3.216,475-903-9711,Device5196
711,hotmail.com,229.80.186.55,936-189-5815,Device1572
712,yahoo.com,244.132.120.254,903-895-7543,Device5753
713,gmail.com,24.162.158.82,881-170-7124,Device8082
714,outlook.com,147.159.188.60,279-223-2404,Device5002
715,outlook.com,147.49.63.110,392-896-5290,Device6629
716,outlook.com,211.150.152.109,327-530-6555,Device9417
717,hotmail.com,76.30.58.230,886-560-5713,Device5200
718,outlook.com,117.159.100.192,120-163-7308,Device2997
719,outlook.com,19.176.173.228,126-410-9476,Device9963
720,outlook.com,94.183.113.183,759-380-5933,Device8422
721,yahoo.com,225.146.63.116,930-263-4969,Device5524
722,hotmail.com,113.251.220.251,323-883-8108,Device9625
723,outlook.com,47.203.57.252,967-129-1044,Device4407
724,gmail.com,118.45.161.145,886-570-2909,Device7731
725,gmail.com,198.4.148.240,320-967-3581,Device8795
726,gmail.com,47.219.143.198,791-466-1931,Device3793
727,hotmail.com,47.78.124.75,940-842-7382,Device8334
728,hotmail.com,103.137.90.144,434-540-9339,Device3911
729,gmail.com,69.249.244.61,108-387-9579,Device8952
730,outlook.com,138.50.3.205,149-949-7781,Device3415
731,hotmail.com,107.113.94.254,686-776-1277,Device1250
732,gmail.com,118.237.198.81,935-399-6929,Device5951
733,gmail.com,251.109.51.245,748-717-5675,Device9098
734,outlook.com,147.170.35.46,246-589-6308,Device6289
735,yahoo.com,154.243.69.93,514-438-1287,Device9102
736,hotmail.com,64.165.212.49,933-286-2907,Device8257
737,outlook.com,149.74.192.5,237-229-7337,Device6565
738,gmail.com,100.70.90.4,415-884-6983,Device7437
739,gmail.com,126.231.39.242,243-115-8469,Device2173
740,outlook.com,163.129.24.57,522-344-1926,Device9624
741,hotmail.com,100.70.41.182,206-187-3176,Device1835
742,yahoo.com,174.60.108.188,986-440-4398,Device3262
743,yahoo.com,57.31.84.152,509-978-9497,Device5567
744,gmail.com,217.36.213.158,706-820-8392,Device4815
745,hotmail.com,152.108.106.158,447-420-5654,Device1246
746,yahoo.com,86.220.135.163,280-717-7854,Device3429
747,hotmail.com,183.220.14.120,485-717-7553,Device6287
748,hotmail.com,138.80.144.182,395-917-8498,Device3607
749,gmail.com,223.106.217.205,592-294-1011,Device6930
750,yahoo.com,70.44.73.45,294-589-3842,Device5022
751,outlook.com,228.184.107.84,980-281-4009,Device5784
752,gmail.com,82.250.107.185,916-755-3077,Device7617
753,yahoo.com,21.196.178.161,695-777-4867,Device4151
754,yahoo.com,219.7.70.127,892-195-5873,Device6580
755,yahoo.com,143.210.160.248,543-397-6856,Device8054
756,yahoo.com,203.148.216.143,944-460-9745,Device8706
757,yahoo.com,176.199.149.170,402-520-2269,Device8619
758,hotmail.com,154.236.120.128,819-336-8701,Device5573
759,gmail.com,142.57.165.58,284-567-7897,Device4491
760,hotmail.com,21.82.69.131,462-382-6672,Device1706
761,outlook.com,87.218.165.216,435-261-6593,Device7997
762,yahoo.com,49.147.115.89,700-421-7155,Device6233
763,gmail.com,85.128.140.249,523-172-5683,Device9945
764,yahoo.com,189.169.161.178,957-300-9713,Device6755
765,gmail.com,117.196.127.234,963-604-4809,Device7960
766,hotmail.com,249.71.86.247,787-887-8206,Device9779
767,gmail.com,33.81.152.61,159-677-2409,Device2334
768,outlook.com,61.98.28.186,770-668-6197,Device6588
769,outlook.com,43.169.167.86,293-384-9718,Device2847
770,gmail.com,177.17.98.198,623-712-3172,Device7851
771,gmail.com,238.198.98.65,970-379-4977,Device8211
772,gmail.com,74.85.5.2,721-945-8825,Device8865
773,gmail.com,22.112.57.66,827-773-6247,Device4317
774,outlook.com,74.98.144.112,413-431-7135,Device7811
775,yahoo.com,179.125.167.86,553-135-8189,Device1164
776,gmail.com,76.88.239.168,305-738-5535,Device8060
777,gmail.com,38.188.59.138,828-195-8697,Device4057
778,outlook.com,99.192.243.63,393-294-1662,Device5428
779,outlook.com,49.192.32.135,579-976-5218,Device1402
780,hotmail.com,21.20.154.127,499-798-6060,Device9605
781,gmail.com,68.110.116.214,551-760-6874,Device9236
782,hotmail.com,143.120.232.213,561-842-3014,Device7349
783,outlook.com,79.214.116.92,817-809-8148,Device5157
784,outlook.com,14.155.125.233,698-241-3364,Device1867
785,yahoo.com,168.58.28.26,810-657-6919,Device9210
786,gmail.com,113.191.66.153,626-655-9872,Device1364
787,hotmail.com,248.254.131.200,409-594-5651,Device8467
788,outlook.com,44.97.42.244,709-872-4866,Device7571
789,outlook.com,227.6.167.180,471-954-1615,Device1579
790,hotmail.com,23.89.123.178,867-990-3253,Device8674
791,yahoo.com,171.147.197.51,946-142-1864,Device9737
792,outlook.com,11.248.12.74,344-386-9976,Device7468
793,gmail.com,8.152.252.220,575-182-6229,Device5150
794,outlook.com,41.164.229.85,289-899-1935,Device4039
795,gmail.com,72.55.137.47,350-823-1325,Device5137
796,hotmail.com,143.176.238.104,610-508-8774,Device1452
797,gmail.com,210.42.60.212,889-936-5603,Device7537
798,hotmail.com,198.12.130.7,830-700-9832,Device2381
799,gmail.com,80.131.109.3,823-954-8754,Device9154
800,hotmail.com,27.114.107.40,665-443-5042,Device2467
801,gmail.com,230.161.220.129,153-829-3575,Device3738
802,yahoo.com,247.8.101.160,710-631-2581,Device8572
803,gmail.com,124.176.107.101,292-994-8604,Device7747
804,gmail.com,4.222.198.110,210-228-6968,Device1880
805,yahoo.com,246.19.32.137,805-951-8493,Device4149
806,outlook.com,12.139.46.119,107-128-6231,Device9276
807,outlook.com,16.129.63.109,772-230-6594,Device8892
808,gmail.com,119.245.21.158,463-303-2644,Device5144
809,yahoo.com,13.162.4.156,375-172-1242,Device2168
810,gmail.com,102.250.223.59,886-201-8130,Device4129
811,hotmail.com,247.128.27.69,784-270-9844,Device4645
812,hotmail.com,25.131.97.196,287-540-2499,Device3526
813,gmail.com,25.148.162.154,151-210-6162,Device4516
814,outlook.com,126.254.133.227,310-299-8977,Device4367
815,outlook.com,189.220.221.9,957-851-7770,Device8338
816,gmail.com,116.230.178.134,125-398-8244,Device4555
817,gmail.com,211.60.172.121,236-119-5306,Device6111
818,hotmail.com,139.194.175.108,851-650-7578,Device7752
819,outlook.com,108.201.213.216,879-306-7582,Device1445
820,gmail.com,226.214.131.76,878-765-3657,Device7364
821,hotmail.com,220.30.218.240,526-374-3949,Device4626
822,outlook.com,21.156.248.218,983-841-9105,Device5016
823,yahoo.com,190.161.213.163,319-676-2466,Device4875
824,hotmail.com,180.34.41.51,151-985-2966,Device6497
825,outlook.com,175.82.58.75,475-362-5362,Device7238
826,outlook.com,185.23.176.128,458-416-8833,Device1261
827,hotmail.com,150.17.69.108,969-977-9106,Device5992
828,yahoo.com,139.94.15.91,662-728-6540,Device5025
829,hotmail.com,163.33.212.125,145-920-1599,Device9283
830,outlook.com,16.162.66.227,819-988-9792,Device5222
831,gmail.com,168.248.156.47,480-217-4637,Device5175
832,gmail.com,167.198.201.148,215-729-6599,Device4443
833,hotmail.com,124.1.200.247,404-106-9557,Device6011
834,outlook.com,87.128.191.67,733-622-8382,Device1693
835,gmail.com,4.186.153.47,528-890-4569,Device9347
836,outlook.com,38.143.191.21,639-846-9504,Device2812
837,hotmail.com,227.57.117.181,637-153-8008,Device6724
838,gmail.com,46.244.142.228,263-881-3381,Device2407
839,outlook.com,204.145.39.137,646-897-5443,Device9032
840,gmail.com,99.252.77.207,372-819-2773,Device2410
841,hotmail.com,210.115.225.134,513-599-4164,Device4497
842,outlook.com,251.219.151.187,784-178-1946,Device5372
843,gmail.com,91.98.120.46,457-717-1506,Device8394
844,hotmail.com,38.142.100.245,658-280-7719,Device1551
845,gmail.com,72.190.35.147,345-343-9697,Device5332
846,gmail.com,30.78.251.84,521-419-7360,Device1997
847,yahoo.com,113.25.168.88,589-618-2192,Device5076
848,yahoo.com,14.154.102.215,429-749-2464,Device7099
849,hotmail.com,150.176.249.83,490-595-7106,Device6555
850,yahoo.com,110.179.131.170,919-772-3560,Device5052
851,hotmail.com,19.201.28.212,847-287-2539,Device6303
852,yahoo.com,173.71.206.63,743-526-9693,Device9118
853,gmail.com,73.251.124.119,829-359-8680,Device7102
854,hotmail.com,121.252.19.175,170-577-8345,Device6490
855,hotmail.com,244.142.120.166,556-288-5386,Device9564
856,gmail.com,181.61.164.168,619-864-1919,Device6616
857,hotmail.com,209.30.9.64,391-855-6930,Device3248
858,hotmail.com,161.120.52.89,382-643-6275,Device1848
859,yahoo.com,142.203.53.227,607-512-9750,Device7354
860,hotmail.com,233.187.78.222,862-286-5516,Device9695
861,outlook.com,41.196.251.68,628-650-5399,Device9070
862,gmail.com,220.8.2.105,138-588-4715,Device9894
863,yahoo.com,125.110.86.169,641-769-2301,Device4625
864,yahoo.com,120.127.183.16,302-165-3155,Device1314
865,outlook.com,221.62.113.176,367-321-1692,Device3376
866,gmail.com,158.12.35.11,354-554-7396,Device5378
867,gmail.com,64.238.50.213,356-482-1441,Device9449
868,yahoo.com,149.69.48.20,957-698-6209,Device1574
869,hotmail.com,101.195.172.161,848-489-5677,Device6585
870,yahoo.com,245.253.201.189,143-811-3645,Device6492
871,gmail.com,137.68.35.209,118-200-8933,Device9949
872,outlook.com,226.216.224.65,456-641-8928,Device3810
873,yahoo.com,8.45.87.175,132-328-8797,Device9134
874,gmail.com,168.76.182.76,961-254-4494,Device6670
875,yahoo.com,174.47.15.105,345-504-2184,Device8715
876,hotmail.com,147.26.52.93,846-801-9462,Device7567
877,yahoo.com,150.232.21.51,869-791-6606,Device4459
878,yahoo.com,38.20.249.157,984-271-9465,Device7117
879,gmail.com,179.132.55.199,358-234-1421,Device4992
880,gmail.com,92.28.4.150,520-285-5675,Device8837
881,gmail.com,76.173.67.86,990-821-7748,Device1203
882,yahoo.com,236.194.216.162,121-549-4243,Device3775
883,hotmail.com,91.183.105.1,482-233-4096,Device2992
884,outlook.com,72.87.166.6,602-284-6882,Device3243
885,outlook.com,214.153.210.145,243-962-6798,Device9498
886,gmail.com,61.12.6.218,511-323-9411,Device2687
887,gmail.com,27.136.211.124,278-730-9456,Device5109
888,yahoo.com,106.193.185.93,528-761-7559,Device2860
889,outlook.com,109.241.99.168,552-826-6673,Device6176
890,gmail.com,142.35.176.237,152-579-2353,Device1722
891,hotmail.com,84.56.177.141,350-906-4854,Device9971
892,hotmail.com,189.230.49.46,222-978-6506,Device9720
893,gmail.com,113.190.136.43,438-877-3395,Device5893
894,gmail.com,148.124.97.90,128-134-6515,Device1343
895,outlook.com,39.85.245.177,722-393-1588,Device6398
896,outlook.com,192.62.106.107,448-246-4138,Device9400
897,yahoo.com,54.126.233.9,619-221-9531,Device5736
898,outlook.com,88.37.49.41,274-790-1556,Device4406
899,hotmail.com,17.88.21.51,235-954-6452,Device1919
900,hotmail.com,59.167.183.41,294-595-4899,Device6819
901,gmail.com,39.141.192.11,433-432-2016,Device3044
902,outlook.com,238.147.139.77,426-114-5321,Device1418
903,yahoo.com,127.46.45.1,524-889-7256,Device2749
904,hotmail.com,168.108.19.76,527-100-3313,Device8378
905,hotmail.com,72.200.189.245,590-307-6831,Device2099
906,yahoo.com,109.12.189.240,468-405-2689,Device4392
907,yahoo.com,161.45.90.103,593-467-4917,Device3772
908,hotmail.com,220.250.197.8,519-988-4862,Device7784
909,hotmail.com,153.91.174.87,270-233-6649,Device2545
910,yahoo.com,158.237.175.215,289-240-2819,Device2070
911,hotmail.com,177.175.84.82,757-414-2342,Device7522
912,gmail.com,146.194.68.222,540-191-3226,Device2850
913,gmail.com,161.127.164.82,155-254-5206,Device6053
914,yahoo.com,229.147.239.156,236-331-8235,Device3939
915,outlook.com,168.84.113.225,913-348-6089,Device8194
916,yahoo.com,76.122.243.143,422-617-6911,Device6851
917,yahoo.com,41.167.2.191,531-586-3653,Device7673
918,outlook.com,29.105.202.194,528-368-8876,Device1678
919,outlook.com,51.75.205.10,636-247-2141,Device1988
920,outlook.com,142.210.51.118,949-466-3897,Device2502
921,gmail.com,201.121.39.28,165-912-5270,Device2789
922,hotmail.com,3.84.198.155,930-687-1494,Device6281
923,gmail.com,117.2.93.166,213-210-2784,Device6027
924,hotmail.com,131.144.94.40,538-814-6266,Device2425
925,gmail.com,2.81.169.254,134-408-7681,Device7654
926,hotmail.com,12.163.235.65,849-113-5658,Device3440
927,gmail.com,55.45.207.218,986-825-8607,Device7856
928,outlook.com,101.213.62.49,601-374-7219,Device8367
929,yahoo.com,127.223.153.23,538-831-6979,Device3594
930,gmail.com,152.249.38.28,798-388-3962,Device5689
931,hotmail.com,21.182.107.146,639-990-4197,Device3436
932,outlook.com,164.99.173.119,276-136-6730,Device6517
933,gmail.com,73.181.230.122,709-226-6602,Device7310
934,gmail.com,30.188.108.98,267-691-2366,Device4539
935,outlook.com,32.195.195.156,409-761-7671,Device4483
936,gmail.com,172.79.41.63,639-518-5539,Device8371
937,yahoo.com,23.104.75.48,784-657-3887,Device3241
938,gmail.com,160.250.251.57,335-538-5086,Device7378
939,yahoo.com,118.100.124.161,313-184-3841,Device3765
940,yahoo.com,152.167.34.184,843-184-7040,Device5911
941,outlook.com,156.165.7.196,588-164-5758,Device1403
942,gmail.com,165.56.65.193,726-163-6014,Device4382
943,outlook.com,47.148.19.157,451-257-6708,Device5163
944,gmail.com,202.188.146.220,590-757-6974,Device8630
945,gmail.com,163.171.239.223,562-324-2940,Device1087
946,hotmail.com,219.126.139.49,412-714-6014,Device6816
947,gmail.com,113.38.64.69,958-912-3987,Device6470
948,outlook.com,136.162.176.116,565-187-5530,Device7276
949,yahoo.com,184.204.230.65,781-234-2073,Device6739
950,gmail.com,31.132.113.109,531-439-3693,Device5273
951,hotmail.com,178.69.158.120,446-748-5340,Device7523
952,outlook.com,88.187.67.75,208-924-8966,Device6003
953,gmail.com,45.4.154.155,632-189-3159,Device9038
954,outlook.com,174.246.107.192,912-688-7772,Device7606
955,hotmail.com,219.234.51.50,703-500-9219,Device3064
956,hotmail.com,6.59.125.143,636-157-9488,Device6315
957,outlook.com,245.30.170.229,233-430-3296,Device1317
958,gmail.com,122.125.37.170,649-174-2677,Device2502
959,yahoo.com,124.101.35.87,933-267-6622,Device7130
960,hotmail.com,134.196.18.252,984-454-2248,Device8419
961,gmail.com,201.113.29.77,763-630-7079,Device3042
962,gmail.com,59.175.126.244,340-983-8036,Device5598
963,yahoo.com,145.109.224.240,443-848-2058,Device1118
964,hotmail.com,22.68.69.165,801-100-7115,Device1709
965,hotmail.com,233.49.141.162,252-528-5603,Device4557
966,gmail.com,109.86.53.123,225-590-4553,Device4250
967,gmail.com,87.179.131.42,444-837-1220,Device9061
968,yahoo.com,98.160.109.51,822-124-5623,Device9609
969,yahoo.com,250.241.85.174,281-598-8209,Device3603
970,hotmail.com,127.236.21.44,580-947-8915,Device2101
971,outlook.com,139.103.68.243,971-538-6521,Device5421
972,hotmail.com,129.92.191.24,645-444-9236,Device8857
973,gmail.com,125.227.141.111,745-120-6753,Device9177
974,hotmail.com,98.139.228.179,169-963-8016,Device7082
975,outlook.com,253.17.99.252,147-590-3598,Device7658
976,yahoo.com,82.104.214.249,386-109-7899,Device3261
977,outlook.com,152.250.19.165,373-699-5476,Device9021
978,outlook.com,231.85.8.28,428-578-1515,Device1508
979,outlook.com,5.145.101.164,290-267-7297,Device3379
980,yahoo.com,118.147.64.91,487-308-1271,Device9879
981,outlook.com,117.98.11.54,242-710-7008,Device5752
982,outlook.com,173.47.140.246,919-168-4332,Device6495
983,outlook.com,149.246.139.231,887-178-1622,Device4209
984,gmail.com,220.5.209.184,869-704-3572,Device8398
985,outlook.com,20.169.46.250,871-720-6214,Device7743
986,yahoo.com,12.70.17.115,716-107-1066,Device6648
987,outlook.com,147.154.48.108,595-290-8533,Device6171
988,outlook.com,236.52.96.70,867-620-2140,Device8890
989,yahoo.com,183.250.228.102,366-710-8465,Device1324
990,outlook.com,75.161.190.216,263-475-4339,Device4557
991,yahoo.com,151.143.155.203,648-173-8675,Device4587
992,outlook.com,192.249.243.242,172-407-1198,Device1151
993,yahoo.com,209.179.181.206,229-857-1571,Device1954
994,outlook.com,219.82.92.179,890-714-2174,Device5354
995,outlook.com,175.239.4.135,768-305-1178,Device8160
996,gmail.com,109.163.48.73,296-834-7232,Device1687
997,gmail.com,72.116.173.81,898-533-9979,Device9501
998,outlook.com,81.113.225.96,847-282-5588,Device4127
999,outlook.com,72.147.63.38,229-764-4084,Device7763
1000,hotmail.com,67.187.69.13,733-970-1731,Device4395
